Nombre;cantidad de canciones;fecha de creaci√≥n
b1;0;2022-09-25
b2;0;2022-09-25
b1;0;2022-09-25
b1;0;2022-09-25
b1;0;2022-09-25
b1;0;2022-09-25
b1;0;2022-09-25
b1;0;2022-09-25
b1;0;2022-09-25
b1;0;2022-09-25
b1;0;2022-09-25
b1;0;2022-09-25
b1;0;2022-09-25
b1;0;2022-09-25
b1;0;2022-09-25
b1;0;2022-09-25
b1;0;2022-09-25
b1;0;2022-09-25
b1;0;2022-09-26
b1;0;2022-09-26
b1;0;2022-09-26
b2;0;2022-09-26
b1;0;2022-09-27
b1;0;2022-09-27
b1;0;2022-09-27
b1;0;2022-09-27
b1;0;2022-09-27
b1;0;2022-09-27
b1;0;2022-09-27
b1;0;2022-09-27
b1;0;2022-09-27
b1;0;2022-09-27
b1;0;2022-09-27
b1;0;2022-09-27
"";0;2022-09-27
b1;0;2022-09-27
b1;0;2022-09-27
"";0;2022-09-27
b1;0;2022-09-27
b1;0;2022-09-27
b1;0;2022-09-28
b1;0;2022-09-28
1;0;2022-09-28
1;0;2022-09-28
1;0;2022-09-28
1;0;2022-09-28
1;0;2022-09-28
1;0;2022-09-28
1;0;2022-09-29
1;0;2022-09-29
"";0;2022-09-29
"";0;2022-09-29
"";0;2022-09-29
"";0;2022-09-29
"";0;2022-09-29
"";0;2022-09-29
"";0;2022-09-29
"";0;2022-09-30
"";0;2022-09-30
"";0;2022-09-30
"";0;2022-09-30
"";0;2022-09-30
"";0;2022-09-30
"";0;2022-09-30
"";0;2022-09-30
"";0;2022-09-30
"";0;2022-09-30
"";0;2022-09-30
"";0;2022-09-30
"";0;2022-09-30
"";0;2022-09-30
"";0;2022-09-30
"";0;2022-09-30
"";0;2022-09-30
"";0;2022-09-30
"";0;2022-09-30
"";0;2022-09-30
"";0;2022-09-30
"";0;2022-09-30
"";0;2022-09-30
"";0;2022-09-30
"";0;2022-09-30
"";0;2022-09-30
"";0;2022-09-30
"";0;2022-09-30
